ticks	running	packets
119662220000	true	18
119664720747	true	20
119667221893	true	23
119669724446	true	25
119672225221	true	28
119674727454	true	30
119677228358	true	33
119679731876	true	35
119682234849	true	38
119684736179	true	40
119687236943	true	43
119689741863	true	45
119692245302	true	48
119694750096	true	50
119697250870	true	53
119699754902	true	55
119702255618	true	58
119704757527	true	60
119707262632	true	63
119709766687	true	65
119712271278	true	68
119714771983	true	70
119717276488	true	73
119719777528	true	75
119722278844	true	78
119724784610	true	80
119727290244	true	83
119729795560	true	85
119732297508	true	88
119734801278	true	90
119737302025	true	93
119739803950	true	95
119742307833	true	98
119744808554	true	100
119747311066	true	103
119749816545	true	105
119752319984	true	108
119754820780	true	110
119757325412	true	113
119759826525	true	115
119762332025	true	118
119764832993	true	120
119767334572	true	123
119769838393	true	125
119772343584	true	128
119774849220	true	130
119777352653	true	133
119779853829	true	135
119782398914	true	138
119784904089	true	140
119787404782	true	143
119789909276	true	145
119792413766	true	148
119794914515	true	150
119797416502	true	153
119799918342	true	155
119802420758	true	158
119804924058	true	161
119807428799	true	163
119809929523	true	165
119812430567	true	168
119814935094	true	170
119817436084	true	173
119819941199	true	175
119822442397	true	178
119824945291	true	181
119827449099	true	183
119829949829	true	185
119832451406	true	188
119834955982	true	190
119837456727	true	193
119839960371	true	196
119842463172	true	198
119844963731	true	201
119847468862	true	203
119849972906	true	206
119852477201	true	208
119854978768	true	211
119857481281	true	213
119859986522	true	216
119862487783	true	218
119864991889	true	221
119867492733	true	223
119869994486	true	226
119872499164	true	228
119875002590	true	231
119877505485	true	233
119880008973	true	236
119882513899	true	238
119885019022	true	241
119887521886	true	243
119890026947	true	246
119892528591	true	248
119895032079	true	251
119897532799	true	253
119900033468	true	256
119902535749	true	258
119905042157	true	261
119907542978	true	263
119910043756	true	266
119912547923	true	268
119915053750	true	271
119917559234	true	273
119920061008	true	276
119922565840	true	278
119925067940	true	281
119927570285	true	283
119930075417	true	286
119932579769	true	288
119935081181	true	291
119937582448	true	293
119940083632	true	296
119942587081	true	298
119945087829	true	301
119947591446	true	303
119950098345	true	306
119952600584	true	308
119955101338	true	311
119957606888	true	313
119960111717	true	316
119962613407	true	318
119965114391	true	321
119967615688	true	323
119970120096	true	326
119972621830	true	328
119975124924	true	331
119977629012	true	333
119980129732	true	336
119982630606	true	338
119985134762	true	341
119987637055	true	343
119990137746	true	346
119992638526	true	348
119995144178	true	351
119997650067	true	353
120000150808	true	356
120002651529	true	358
120005154367	true	361
120007656401	true	363
120010157930	true	366
120012660793	true	368
120015162881	true	371
120017666532	true	373
120020167441	true	376
120022670705	true	378
120025175342	true	381
120027678437	true	383
120030181422	true	386
120032687222	true	388
120035190235	true	391
120037695161	true	393
120040195895	true	396
120042702212	true	398
120045204159	true	401
120047704933	true	403
120050208627	true	406
120052712666	true	408
120055217255	true	411
120057719941	true	413
120060225533	true	416
120062726766	true	418
120065229810	true	421
120067730593	true	423
120070235006	true	426
120072737500	true	428
120075238270	true	431
120077741194	true	433
120080241995	true	436
120082742730	true	438
120085243778	true	441
120087749936	true	443
120090250747	true	446
120092751450	true	448
120095252282	true	451
120097753150	true	453
120100258185	true	456
120102758936	true	458
120105264591	true	461
120107771085	true	463
120110274089	true	466
120112777312	true	468
120115282508	true	471
120117783570	true	473
120120284382	true	476
120122787165	true	478
120125288619	true	481
120127789435	true	483
120130291799	true	486
120132797321	true	488
120135299617	true	491
120137800429	true	493
120140304977	true	496
120142809314	true	498
120145310051	true	501
120147810835	true	503
120150315460	true	506
120152820086	true	508
120155322949	true	511
120157828037	true	513
120160330481	true	516
120162835547	true	518
120165339607	true	521
120167841638	true	523
120170344441	true	526
120172847715	true	528
120175348823	true	531
120177854149	true	533
120180357655	true	536
120182862786	true	538
120185367927	true	541
120187871283	true	543
120190375961	true	546
120192878053	true	548
120195379539	true	551
120197883036	true	553
120200388072	true	556
120202892870	true	558
120205397208	true	561
120207900115	true	563
120210400876	true	566
120212902974	true	568
120215403693	true	571
120217904665	true	573
120220407734	true	576
120222908477	true	578
120225409673	true	581
120227912126	true	584
120230414866	true	586
120232919766	true	589
120235422129	true	591
120237925689	true	593
120240429972	true	596
120242934162	true	598
120245435590	true	600
120247939023	true	600
120250439765	true	600
120252945225	true	600
120255447902	true	600
120257953242	true	600
120260458186	true	600
120262959066	true	600
120265461174	true	600
