seq	before_ticks	after_ticks	bytes	success	error
1	118992986798	118993033728	128	True	
2	118993883722	118993884977	128	True	
3	118994827535	118994828719	128	True	
4	118995910061	118995911201	128	True	
5	118996827298	118996828486	128	True	
6	118997915907	118997917062	128	True	
7	118998868973	118998869976	128	True	
8	118999811330	118999812241	128	True	
9	119000884638	119000885923	128	True	
10	119001806338	119001807365	128	True	
11	119002888457	119002889384	128	True	
12	119003813680	119003814761	128	True	
13	119004914468	119004915605	128	True	
14	119005832814	119005833785	128	True	
15	119006927016	119006928144	128	True	
16	119007855198	119007856263	128	True	
17	119008936170	119008937184	128	True	
18	119009863300	119009864482	128	True	
19	119010933001	119010934060	128	True	
20	119011873789	119011874746	128	True	
21	119012817793	119012818870	128	True	
22	119013901679	119013902644	128	True	
23	119014837780	119014838958	128	True	
24	119015938143	119015939324	128	True	
25	119016867969	119016869059	128	True	
26	119017806034	119017806979	128	True	
27	119018881946	119018882945	128	True	
28	119019817281	119019818063	128	True	
29	119020913346	119020914228	128	True	
30	119021841399	119021842309	128	True	
31	119022927744	119022928706	128	True	
32	119023861565	119023862619	128	True	
33	119024938376	119024939417	128	True	
34	119025872442	119025873433	128	True	
35	119026806090	119026807055	128	True	
36	119027893340	119027894348	128	True	
37	119028827014	119028827954	128	True	
38	119029900769	119029901785	128	True	
39	119030825384	119030826380	128	True	
40	119031908636	119031909628	128	True	
41	119032828903	119032829989	128	True	
42	119033925736	119033927062	128	True	
43	119034854775	119034855888	128	True	
44	119035806093	119035807041	128	True	
45	119036900653	119036901651	128	True	
46	119037848501	119037849449	128	True	
47	119038939622	119038940612	128	True	
48	119039870361	119039871327	128	True	
49	119040807912	119040808858	128	True	
50	119041893809	119041894771	128	True	
51	119042828779	119042829813	128	True	
52	119043917504	119043918428	128	True	
53	119044847248	119044848396	128	True	
54	119045806045	119045806975	128	True	
55	119046876288	119046877255	128	True	
56	119047806121	119047807133	128	True	
57	119048881026	119048881882	128	True	
58	119049812269	119049813332	128	True	
59	119050905300	119050906641	128	True	
60	119051836824	119051837832	128	True	
61	119052923031	119052924278	128	True	
62	119053915866	119053917043	128	True	
63	119054806110	119054807123	128	True	
64	119055889361	119055890448	128	True	
65	119056835626	119056836566	128	True	
66	119057933078	119057933946	128	True	
67	119058864897	119058865977	128	True	
68	119059806063	119059807068	128	True	
69	119060890295	119060891168	128	True	
70	119061821472	119061822468	128	True	
71	119062904510	119062905601	128	True	
72	119063843222	119063844251	128	True	
73	119064939169	119064940154	128	True	
74	119065865567	119065866535	128	True	
75	119066812961	119066813810	128	True	
76	119067905319	119067906370	128	True	
77	119068836555	119068837613	128	True	
78	119069913797	119069914752	128	True	
79	119070853756	119070854684	128	True	
80	119071921745	119071922740	128	True	
81	119072865723	119072866714	128	True	
82	119073806079	119073807134	128	True	
83	119074879139	119074880157	128	True	
84	119075815759	119075816769	128	True	
85	119076911007	119076911977	128	True	
86	119077835818	119077836836	128	True	
87	119078937615	119078938594	128	True	
88	119079868888	119079869959	128	True	
89	119080810049	119080811052	128	True	
90	119081901476	119081902494	128	True	
91	119082828139	119082829226	128	True	
92	119083922844	119083924065	128	True	
93	119084852355	119084853387	128	True	
94	119085929050	119085930195	128	True	
95	119086857771	119086858852	128	True	
96	119087934119	119087934895	128	True	
97	119088863262	119088864198	128	True	
98	119089805973	119089806889	128	True	
99	119090877431	119090878159	128	True	
100	119091824949	119091826003	128	True	
101	119092940921	119092941936	128	True	
102	119093870109	119093871067	128	True	
103	119094809050	119094810084	128	True	
104	119095913456	119095914385	128	True	
105	119096865630	119096866608	128	True	
106	119097806071	119097807010	128	True	
107	119098887983	119098889132	128	True	
108	119099817809	119099818925	128	True	
109	119100893114	119100894116	128	True	
110	119101826377	119101827665	128	True	
111	119102905440	119102906578	128	True	
112	119103839701	119103840696	128	True	
113	119104931778	119104932817	128	True	
114	119105868606	119105869568	128	True	
115	119106806098	119106807116	128	True	
116	119107891361	119107892362	128	True	
117	119108813241	119108814330	128	True	
118	119109901850	119109902924	128	True	
119	119110820569	119110821550	128	True	
120	119111910882	119111911774	128	True	
121	119112826361	119112827534	128	True	
122	119113909555	119113910618	128	True	
123	119114837629	119114838850	128	True	
124	119115930748	119115931869	128	True	
125	119116854701	119116855799	128	True	
126	119117941765	119117942854	128	True	
127	119118873695	119118874820	128	True	
128	119119823108	119119824266	128	True	
129	119120904806	119120905784	128	True	
130	119121839833	119121840787	128	True	
131	119122932999	119122934318	128	True	
132	119123868892	119123870109	128	True	
133	119124813605	119124814750	128	True	
134	119125896033	119125897134	128	True	
135	119126835402	119126836258	128	True	
136	119127935606	119127936499	128	True	
137	119128876558	119128877593	128	True	
138	119129807015	119129808020	128	True	
139	119130892536	119130893703	128	True	
140	119131838973	119131839852	128	True	
141	119132936735	119132937808	128	True	
142	119133876038	119133877127	128	True	
143	119134806128	119134807125	128	True	
144	119135893028	119135894039	128	True	
145	119136825111	119136826066	128	True	
146	119137912275	119137913193	128	True	
147	119138843491	119138844492	128	True	
148	119139951056	119139952180	128	True	
149	119140881183	119140882030	128	True	
150	119141816556	119141817721	128	True	
151	119142892567	119142893703	128	True	
152	119143817717	119143819033	128	True	
153	119144919509	119144920588	128	True	
154	119145861185	119145862361	128	True	
155	119146935382	119146936469	128	True	
156	119147865092	119147866166	128	True	
157	119148936126	119148937205	128	True	
158	119149865867	119149866841	128	True	
159	119150806113	119150807149	128	True	
160	119151913599	119151914522	128	True	
161	119152837796	119152838753	128	True	
162	119153924302	119153925323	128	True	
163	119154864270	119154865280	128	True	
164	119155897386	119155898362	128	True	
165	119156884836	119156885853	128	True	
166	119157809305	119157810129	128	True	
167	119158905680	119158906687	128	True	
168	119159843648	119159844634	128	True	
169	119160921686	119160922732	128	True	
170	119161856914	119161857822	128	True	
171	119162933066	119162933903	128	True	
172	119163853326	119163854278	128	True	
173	119164806056	119164807072	128	True	
174	119165888680	119165889785	128	True	
175	119166820082	119166821152	128	True	
176	119167898481	119167899470	128	True	
177	119168828278	119168829176	128	True	
178	119169907680	119169908608	128	True	
179	119170849220	119170850247	128	True	
180	119171806038	119171806908	128	True	
181	119172870474	119172871354	128	True	
182	119173813197	119173814258	128	True	
183	119174902093	119174903124	128	True	
184	119175839403	119175840406	128	True	
185	119176924975	119176925978	128	True	
186	119177854603	119177855636	128	True	
187	119178806037	119178806943	128	True	
188	119179875471	119179876478	128	True	
189	119180812773	119180813773	128	True	
190	119181908592	119181909439	128	True	
191	119182843601	119182844619	128	True	
192	119183925804	119183926834	128	True	
193	119184861294	119184862372	128	True	
194	119185806057	119185807047	128	True	
195	119186892880	119186893761	128	True	
196	119187841406	119187842464	128	True	
197	119188928220	119188929226	128	True	
198	119189861257	119189862261	128	True	
199	119190947510	119190948425	128	True	
200	119191860735	119191861588	128	True	
201	119192941428	119192942469	128	True	
202	119193859686	119193860703	128	True	
203	119194933544	119194934443	128	True	
204	119195864834	119195865858	128	True	
205	119196932510	119196933526	128	True	
206	119197875265	119197876271	128	True	
207	119198814798	119198815785	128	True	
208	119199898077	119199899132	128	True	
209	119200821577	119200822718	128	True	
210	119201929646	119201931778	128	True	
211	119202867388	119202868376	128	True	
212	119203933685	119203934718	128	True	
213	119204865781	119204866677	128	True	
214	119205806101	119205807123	128	True	
215	119206876360	119206877290	128	True	
216	119207806053	119207806895	128	True	
217	119208867018	119208867959	128	True	
218	119209940434	119209941214	128	True	
219	119210858268	119210859566	128	True	
220	119211806036	119211806993	128	True	
221	119212909029	119212910022	128	True	
222	119213856712	119213857752	128	True	
223	119214932941	119214934364	128	True	
224	119215865468	119215866507	128	True	
225	119216806070	119216807049	128	True	
226	119217885642	119217886713	128	True	
227	119218816250	119218817232	128	True	
228	119219914652	119219915615	128	True	
229	119220839575	119220840542	128	True	
230	119221932546	119221933467	128	True	
231	119222864251	119222865251	128	True	
232	119223812046	119223813040	128	True	
233	119224913997	119224914930	128	True	
234	119225857915	119225858952	128	True	
235	119226924232	119226925357	128	True	
236	119227854972	119227855965	128	True	
237	119228806038	119228806949	128	True	
238	119229873110	119229874160	128	True	
239	119230806074	119230806957	128	True	
240	119231888818	119231889795	128	True	
241	119232828084	119232828967	128	True	
242	119233936073	119233937138	128	True	
243	119234877138	119234878175	128	True	
244	119235814646	119235815668	128	True	
245	119236901878	119236902895	128	True	
246	119237850445	119237851447	128	True	
247	119238932483	119238933451	128	True	
248	119239851592	119239852585	128	True	
249	119240806091	119240807068	128	True	
250	119241874394	119241875389	128	True	
251	119242823405	119242824457	128	True	
252	119243932397	119243933477	128	True	
253	119244864934	119244866011	128	True	
254	119245806057	119245806974	128	True	
255	119246887603	119246888698	128	True	
256	119247818756	119247819742	128	True	
257	119248892175	119248893256	128	True	
258	119249809795	119249810753	128	True	
259	119250898359	119250899241	128	True	
260	119251832811	119251833925	128	True	
261	119252923176	119252924078	128	True	
262	119253852499	119253853530	128	True	
263	119254941197	119254942210	128	True	
264	119255867818	119255868713	128	True	
265	119256810430	119256811278	128	True	
266	119257907359	119257908398	128	True	
267	119258836130	119258837134	128	True	
268	119259928843	119259929899	128	True	
269	119260860855	119260861903	128	True	
270	119261943758	119261944779	128	True	
271	119262888847	119262889911	128	True	
272	119263807725	119263808695	128	True	
273	119264901142	119264902145	128	True	
274	119265835799	119265837691	128	True	
275	119266919201	119266920168	128	True	
276	119267861081	119267862180	128	True	
277	119268941658	119268942717	128	True	
278	119269884086	119269885081	128	True	
279	119270813027	119270813884	128	True	
280	119271901054	119271902162	128	True	
281	119272827291	119272828246	128	True	
282	119273914749	119273915682	128	True	
283	119274846717	119274847766	128	True	
284	119275936551	119275937919	128	True	
285	119276874278	119276875296	128	True	
286	119277819791	119277820874	128	True	
287	119278942171	119278943220	128	True	
288	119279873804	119279874780	128	True	
289	119280825919	119280826901	128	True	
290	119281916671	119281917577	128	True	
291	119282862586	119282863555	128	True	
292	119283941500	119283942487	128	True	
293	119284874477	119284875611	128	True	
294	119285806108	119285807211	128	True	
295	119286909634	119286910597	128	True	
296	119287845106	119287846115	128	True	
297	119288934416	119288935457	128	True	
298	119289874709	119289875688	128	True	
299	119290813921	119290815045	128	True	
300	119291891500	119291892736	128	True	
