seq	capture_us	callback_ticks
1	323664	118741638600
2	418210	118742584066
3	510787	118743509850
4	603262	118744434589
5	710037	118745502322
6	802398	118746425932
7	909897	118747500926
8	1005756	118748459539
9	1112261	118749524564
10	1207634	118750478299
11	1300642	118751408365
12	1410174	118752503695
13	1502417	118753426115
14	1610301	118754504961
15	1702541	118755427370
16	1810308	118756505033
17	1920070	118757602649
18	2013784	118758539781
19	2107344	118759475405
20	2200284	118760404787
21	2308239	118761484343
22	2401952	118762421480
23	2510089	118763502813
24	2603990	118764441864
25	2699970	118765401667
26	2808487	118766486817
27	2901027	118767412223
28	3007645	118768478370
29	3100442	118769406394
30	3209323	118770495185
31	3303237	118771434326
32	3412793	118772529882
33	3506979	118773471702
34	3600232	118774404276
35	3709174	118775493684
36	3803215	118776434097
37	3912965	118777531593
38	4007748	118778479381
39	4100039	118779402342
40	4208419	118780486149
41	4301306	118781415014
42	4410858	118782510542
43	4504274	118783444634
44	4612893	118784530884
45	4706204	118785464005
46	4799971	118786401653
47	4908666	118787488616
48	5001947	118788421437
49	5110233	118789504277
50	5203566	118790437611
51	5313819	118791540150
52	5407849	118792480442
53	5501189	118793413844
54	5608293	118794484881
55	5700956	118795411516
56	5812032	118796522283
57	5906033	118797462295
58	5999980	118798401764
59	6107136	118799473312
60	6199975	118800401704
61	6307845	118801480409
62	6399979	118802401743
63	6508283	118803484732
64	6600557	118804407521
65	6709551	118805497470
66	6801814	118806420095
67	6910830	118807510258
68	7005363	118808455574
69	7099960	118809401566
70	7207493	118810476891
71	7300665	118811408607
72	7411230	118812514261
73	7504389	118813445839
74	7613516	118814537116
75	7708876	118815490722
76	7802990	118816431861
77	7911984	118817521796
78	8005559	118818457546
79	8113451	118819536464
80	8205824	118820460193
81	8299959	118821401546
82	8407742	118822479374
83	8500380	118823405753
84	8608295	118824484904
85	8702885	118825430810
86	8811400	118826515948
87	8904891	118827450867
88	8999989	118828401850
89	9108017	118829482123
90	9199982	118830401792
91	9310513	118831507091
92	9403740	118832439357
93	9499974	118833401687
94	9609513	118834497079
95	9703665	118835438620
96	9811817	118836520124
97	9904383	118837445804
98	10013579	118838537701
99	10105289	118839454848
100	10199972	118840401681
