before_ticks	after_ticks	result	seq	os_error
124902432877	124902639687	ok	1	
124902639780	124903643744	ok	2	
124903643855	124904418941	ok	3	
124904419060	124905511768	ok	4	
124905511875	124906439952	ok	5	
124906440048	124907537579	ok	6	
124907537681	124908474533	ok	7	
124908474645	124909414593	ok	8	
124909414700	124910476001	ok	9	
124910476185	124911412809	ok	10	
124911412918	124912405492	TimedOut		Some(10060)
124912405642	124912490662	ok	11	
124912490859	124913418440	ok	12	
124913418617	124914431724	TimedOut		Some(10060)
124914431874	124914489963	ok	13	
124914490075	124915412901	ok	14	
124915413078	124916445117	TimedOut		Some(10060)
124916445254	124916505125	ok	15	
124916505228	124917451982	ok	16	
124917452092	124918544382	ok	17	
124918544577	124919471986	ok	18	
124919472084	124920412549	ok	19	
124920412712	124921491073	ok	20	
124921491178	124922427280	ok	21	
124922427390	124923513472	ok	22	
124923513580	124924432559	ok	23	
124924432661	124925522561	ok	24	
124925522669	124926450711	ok	25	
124926450818	124927550140	ok	26	
124927550247	124928477295	ok	27	
124928477394	124929412396	ok	28	
124929412499	124930510992	ok	29	
124930511098	124931430897	ok	30	
124931431003	124932514414	ok	31	
124932514522	124933437119	ok	32	
124933437231	124934446338	TimedOut		Some(10060)
124934446507	124934510269	ok	33	
124934510363	124935439606	ok	34	
124935439721	124936487815	TimedOut		Some(10060)
124936487971	124936532762	ok	35	
124936532860	124937453556	ok	36	
124937453664	124938525371	ok	37	
124938525485	124939458751	ok	38	
124939458857	124940412478	ok	39	
124940412577	124941494286	ok	40	
124941494393	124942427146	ok	41	
124942427254	124943506877	ok	42	
124943506985	124944433880	ok	43	
124944433984	124945492046	ok	44	
124945492155	124946438679	ok	45	
124946438789	124947520694	ok	46	
124947520804	124948449378	ok	47	
124948449490	124949454562	TimedOut		Some(10060)
124949454924	124949537255	ok	48	
124949537361	124950455413	ok	49	
124950455522	124951412625	ok	50	
124951412795	124952415046	TimedOut		Some(10060)
124952415172	124952477751	ok	51	
124952477855	124953419577	ok	52	
124953419677	124954431081	TimedOut		Some(10060)
124954431236	124954516776	ok	53	
124954516872	124955445392	ok	54	
124955445501	124956442075	TimedOut		Some(10060)
124956442217	124956529770	ok	55	
124956529878	124957466125	ok	56	
124957466218	124958412384	ok	57	
124958412491	124959496016	ok	58	
124959496193	124960432386	ok	59	
124960432499	124961516779	ok	60	
124961516877	124962452397	ok	61	
124962452501	124963545139	ok	62	
124963545253	124964468130	ok	63	
124964468235	124965526571	ok	64	
124965526670	124966465680	ok	65	
124966465786	124967414741	ok	66	
124967414846	124968423638	TimedOut		Some(10060)
124968423798	124968501119	ok	67	
124968501218	124969427864	ok	68	
124969427975	124970450762	TimedOut		Some(10060)
124970450908	124970539281	ok	69	
124970539388	124971460134	ok	70	
124971460235	124972499479	TimedOut		Some(10060)
124972499632	124972544910	ok	71	
124972545018	124973487524	ok	72	
124973487723	124974422131	ok	73	
124974422239	124975490345	TimedOut		Some(10060)
124975490491	124975513690	ok	74	
124975513795	124976445051	ok	75	
124976445161	124977501196	TimedOut		Some(10060)
124977501341	124977536556	ok	76	
124977536664	124978467712	ok	77	
124978467817	124979413045	ok	78	
124979413244	124980415668	TimedOut		Some(10060)
124980415814	124980494221	ok	79	
124980494397	124981427385	ok	80	
124981427499	124982430333	TimedOut		Some(10060)
124982430504	124982509932	ok	81	
124982510030	124983447720	ok	82	
124983447826	124984467772	TimedOut		Some(10060)
124984467914	124984525705	ok	83	
124984525811	124985456364	ok	84	
124985456474	124986476475	TimedOut		Some(10060)
124986476624	124986535724	ok	85	
124986535836	124987474800	ok	86	
124987474907	124988412454	ok	87	
124988412560	124989435140	TimedOut		Some(10060)
124989435402	124989493162	ok	88	
124989493342	124990413407	ok	89	
124990413511	124991442011	TimedOut		Some(10060)
124991442169	124991496305	ok	90	
124991496407	124992426085	ok	91	
124992426194	124993471683	TimedOut		Some(10060)
124993471852	124993531067	ok	92	
124993531173	124994467417	ok	93	
124994467523	124995420563	ok	94	
124995420667	124996508700	ok	95	
124996508805	124997433279	ok	96	
124997433386	124998454091	TimedOut		Some(10060)
124998454239	124998525199	ok	97	
124998525304	124999450994	ok	98	
124999451094	125000412200	ok	99	
125000412302	125001421579	TimedOut		Some(10060)
125001421722	125001472199	ok	100	
125001472287	125002412485	ok	101	
125002412583	125003425853	TimedOut		Some(10060)
125003426002	125003481504	ok	102	
125003481612	125004415333	ok	103	
125004415440	125005435910	TimedOut		Some(10060)
125005436068	125005515434	ok	104	
125005515539	125006442710	ok	105	
125006442816	125007445797	TimedOut		Some(10060)
125007445933	125007526504	ok	106	
125007526599	125008472233	ok	107	
125008472413	125009412831	ok	108	
125009413014	125010489102	ok	109	
125010489208	125011422160	ok	110	
125011422263	125012510805	ok	111	
125012510916	125013422033	ok	112	
125013422145	125014453566	TimedOut		Some(10060)
125014453719	125014520495	ok	113	
125014520589	125015461264	ok	114	
125015461368	125016412498	ok	115	
125016412604	125017418014	TimedOut		Some(10060)
125017418163	125017506289	ok	116	
125017506382	125018450998	ok	117	
125018451173	125019443257	TimedOut		Some(10060)
125019443406	125019534314	ok	118	
125019534415	125020472194	ok	119	
125020472297	125021413023	ok	120	
125021413123	125022438888	TimedOut		Some(10060)
125022439025	125022490726	ok	121	
125022490833	125023423982	ok	122	
125023424083	125024446677	TimedOut		Some(10060)
125024447039	125024514261	ok	123	
125024514425	125025460235	ok	124	
125025460332	125026540496	ok	125	
125026540600	125027471825	ok	126	
125027472001	125028412450	ok	127	
125028412560	125029423280	TimedOut		Some(10060)
125029423442	125029493332	ok	128	
125029493432	125030418277	ok	129	
125030418384	125031453775	TimedOut		Some(10060)
125031453926	125031513237	ok	130	
125031513331	125032455701	ok	131	
125032455808	125033475695	TimedOut		Some(10060)
125033475851	125033532421	ok	132	
125033532528	125034480959	ok	133	
125034481059	125035482730	TimedOut		Some(10060)
125035482875	125035494889	ok	134	
125035494986	125036485604	ok	135	
125036485707	125037429527	ok	136	
125037429638	125038507462	ok	137	
125038507573	125039441535	ok	138	
125039441649	125040444865	TimedOut		Some(10060)
125040445023	125040522263	ok	139	
125040522373	125041448187	ok	140	
125041448289	125042466214	TimedOut		Some(10060)
125042466357	125042531164	ok	141	
125042531266	125043463065	ok	142	
125043463715	125044499463	TimedOut		Some(10060)
125044499610	125044545329	ok	143	
125044545622	125045477523	ok	144	
125045477622	125046412467	ok	145	
125046412564	125047450789	TimedOut		Some(10060)
125047450942	125047504458	ok	146	
125047504561	125048435072	ok	147	
125048435177	125049464813	TimedOut		Some(10060)
125049464980	125049511438	ok	148	
125049511548	125050429150	ok	149	
125050429255	125051457297	TimedOut		Some(10060)
125051457451	125051512774	ok	150	
125051512879	125052539207	TimedOut		Some(10060)
125052539361	125052575155	ok	151	
125052575255	125053545005	ok	152	
125053545111	125054463782	ok	153	
125054463882	125055498773	TimedOut		Some(10060)
125055498930	125055550249	ok	154	
125055550356	125056480190	ok	155	
125056480296	125057454604	ok	156	
125057454790	125058506354	ok	157	
125058506451	125059437695	ok	158	
125059437801	125060460921	TimedOut		Some(10060)
125060461074	125060518795	ok	159	
125060518903	125061453354	ok	160	
125061453455	125062480066	TimedOut		Some(10060)
125062480223	125062537652	ok	161	
125062537852	125063473696	ok	162	
125063473887	125064412496	ok	163	
125064412689	125065459034	TimedOut		Some(10060)
125065459202	125065489401	ok	164	
125065489509	125066420663	ok	165	
125066420768	125067476284	TimedOut		Some(10060)
125067476431	125067502184	ok	166	
125067502260	125068430379	ok	167	
125068430478	125069482175	TimedOut		Some(10060)
125069482326	125069532500	ok	168	
125069532621	125070458051	ok	169	
125070458162	125071496271	TimedOut		Some(10060)
125071496650	125071553508	ok	170	
125071553617	125072495528	ok	171	
125072495638	125073424263	ok	172	
125073424363	125074467397	TimedOut		Some(10060)
125074467549	125074504143	ok	173	
125074504243	125075433346	ok	174	
125075433457	125076517551	TimedOut		Some(10060)
125076517686	125076525518	ok	175	
125076525718	125077449479	ok	176	
125077449595	125078540801	ok	177	
125078540912	125079474138	ok	178	
125079474251	125080413316	ok	179	
125080413427	125081511420	TimedOut		Some(10060)
125081511570	125081511634	ok	180	
125081511719	125082434063	ok	181	
125082434179	125083533682	TimedOut		Some(10060)
125083533827	125083533911	ok	182	
125083534008	125084476296	ok	183	
125084476395	125085412418	ok	184	
125085412517	125086497980	TimedOut		Some(10060)
125086498127	125086508390	ok	185	
125086508497	125087427927	ok	186	
125087428034	125088521273	ok	187	
125088521382	125089469948	ok	188	
125089470061	125090541606	ok	189	
125090541714	125091485975	ok	190	
125091486153	125092419968	ok	191	
125092420078	125093505115	ok	192	
125093505225	125094446567	ok	193	
125094446745	125095497180	ok	194	
125095497287	125096423225	ok	195	
125096423328	125097500544	ok	196	
125097500655	125098444080	ok	197	
125098444182	125099532775	ok	198	
125099532957	125100456736	ok	199	
125100456845	125101549139	ok	200	
125101549243	125102494335	ok	201	
125102494517	125103437720	ok	202	
125103437835	125104513940	ok	203	
125104514041	125105451550	ok	204	
125105451736	125106520030	ok	205	
125106520134	125107437521	ok	206	
125107437632	125108449984	TimedOut		Some(10060)
125108450139	125108516646	ok	207	
125108516753	125109457303	ok	208	
125109457396	125110462332	TimedOut		Some(10060)
125110462486	125110535618	ok	209	
125110535724	125111452378	ok	210	
125111452555	125112474368	TimedOut		Some(10060)
125112474500	125112537607	ok	211	
125112537711	125113458001	ok	212	
125113458130	125114496582	TimedOut		Some(10060)
125114496719	125114539064	ok	213	
125114539144	125115479525	ok	214	
125115479699	125116413416	ok	215	
125116413523	125117450826	TimedOut		Some(10060)
125117450968	125117512294	ok	216	
125117512400	125118444553	ok	217	
125118444654	125119459987	TimedOut		Some(10060)
125119460173	125119530061	ok	218	
125119530154	125120448024	ok	219	
125120448131	125121466850	TimedOut		Some(10060)
125121467003	125121527957	ok	220	
125121528071	125122453170	ok	221	
125122453279	125123489802	TimedOut		Some(10060)
125123489975	125123542610	ok	222	
125123542712	125124483240	ok	223	
125124483342	125125420922	ok	224	
125125421027	125126434485	TimedOut		Some(10060)
125126434630	125126504793	ok	225	
125126504898	125127427712	ok	226	
125127427811	125128437134	TimedOut		Some(10060)
125128437284	125128521673	ok	227	
125128521821	125129445933	ok	228	
125129446038	125130447710	TimedOut		Some(10060)
125130447862	125130531402	ok	229	
125130531501	125131471788	ok	230	
125131471891	125132412330	ok	231	
125132412838	125133427812	TimedOut		Some(10060)
125133427960	125133486837	ok	232	
125133486932	125134426262	ok	233	
125134426369	125135433860	TimedOut		Some(10060)
125135434004	125135489059	ok	234	
125135489153	125136412377	ok	235	
125136412480	125137452456	TimedOut		Some(10060)
125137452615	125137526817	ok	236	
125137526915	125138468546	ok	237	
125138468650	125139412340	ok	238	
125139413067	125140480549	ok	239	
125140480669	125141418888	ok	240	
125141419059	125142415749	TimedOut		Some(10060)
125142415900	125142515551	ok	241	
125142515659	125143465504	ok	242	
125143465612	125144412525	ok	243	
125144412652	125145498821	ok	244	
125145498932	125146434744	ok	245	
125146434844	125147515131	ok	246	
125147516128	125148455373	ok	247	
125148455480	125149534265	ok	248	
125149534374	125150460950	ok	249	
125150461055	125151412525	ok	250	
125151412631	125152484075	ok	251	
125152484176	125153413469	ok	252	
125153413576	125154420388	TimedOut		Some(10060)
125154420524	125154505928	ok	253	
125154506025	125155438880	ok	254	
125155439000	125156441808	TimedOut		Some(10060)
125156441974	125156539305	ok	255	
125156539413	125157473429	ok	256	
125157473529	125158412517	ok	257	
125158412626	125159486640	ok	258	
125159486745	125160427561	ok	259	
125160427667	125161506794	ok	260	
125161506892	125162443820	ok	261	
125162443922	125163532831	ok	262	
125163532928	125164475842	ok	263	
125164475949	125165412468	ok	264	
125165412576	125166492549	ok	265	
125166492654	125167426880	ok	266	
125167426987	125168520911	ok	267	
125168521014	125169452831	ok	268	
125169452941	125170541347	ok	269	
125170541527	125171477378	ok	270	
125171477479	125172412417	ok	271	
125172412519	125173518393	ok	272	
125173518502	125174447435	ok	273	
125174447537	125175539404	ok	274	
125175539506	125176482474	ok	275	
125176482581	125177424038	ok	276	
125177424149	125178505026	TimedOut		Some(10060)
125178505182	125178517709	ok	277	
125178517810	125179454420	ok	278	
125179454521	125180415280	ok	279	
125180415405	125181466390	TimedOut		Some(10060)
125181466540	125181512601	ok	280	
125181512694	125182430799	ok	281	
125182430988	125183490108	TimedOut		Some(10060)
125183490267	125183527394	ok	282	
125183527500	125184457847	ok	283	
125184457947	125185507581	TimedOut		Some(10060)
125185507726	125185546708	ok	284	
125185546826	125186473641	ok	285	
125186473748	125187415943	ok	286	
125187416054	125188459451	TimedOut		Some(10060)
125188459619	125188493808	ok	287	
125188493912	125189421937	ok	288	
125189422041	125190480618	TimedOut		Some(10060)
125190480757	125190517351	ok	289	
125190517458	125191446263	ok	290	
125191446371	125192518908	TimedOut		Some(10060)
125192519061	125192526056	ok	291	
125192526245	125193449362	ok	292	
125193449484	125194532662	ok	293	
125194532778	125195462331	ok	294	
125195462430	125196412322	ok	295	
125196412424	125197495345	ok	296	
125197495452	125198431381	ok	297	
125198431495	125199522590	ok	298	
125199522693	125200454639	ok	299	
125200454748	125201542374	ok	300	
125201542481	125202635519	TimedOut		Some(10060)
125202635661	125203730504	TimedOut		Some(10060)
125203730632	125204834273	TimedOut		Some(10060)
125204834390	125205919226	TimedOut		Some(10060)
125205919361	125206989992	TimedOut		Some(10060)
125206990137	125208070647	TimedOut		Some(10060)
125208070788	125209153031	TimedOut		Some(10060)
125209153167	125210250009	TimedOut		Some(10060)
125210250210	125211342790	TimedOut		Some(10060)
125211342944	125212416156	TimedOut		Some(10060)
125212416311	125213505042	TimedOut		Some(10060)
125213505162	125214584432	TimedOut		Some(10060)
125214584553	125215678300	TimedOut		Some(10060)
125215678437	125216759362	TimedOut		Some(10060)
