seq	capture_us
Some(1)	421822
Some(2)	458300
Some(3)	505185
Some(4)	552272
Some(5)	601397
Some(6)	647357
Some(7)	692765
Some(8)	741907
Some(9)	803099
Some(10)	850267
Some(11)	898244
Some(12)	945314
Some(13)	992232
Some(14)	1041096
Some(15)	1103264
Some(16)	1150913
Some(17)	1199925
Some(18)	1244512
Some(19)	1292117
Some(20)	1353802
Some(21)	1400702
Some(22)	1449352
Some(23)	1493944
Some(24)	1541221
Some(25)	1604421
Some(26)	1651033
Some(27)	1698627
Some(28)	1745358
Some(29)	1791181
Some(30)	1853648
Some(31)	1901492
Some(32)	1948580
Some(33)	1996777
Some(34)	2043533
Some(35)	2094241
Some(36)	2154281
Some(37)	2204717
Some(38)	2246908
Some(39)	2293247
Some(40)	2341091
Some(41)	2402683
Some(42)	2449308
Some(43)	2496407
Some(44)	2543571
Some(45)	2593499
Some(46)	2652717
Some(47)	2699593
Some(48)	2747469
Some(49)	2794453
Some(50)	2842024
Some(51)	2904877
Some(52)	2951090
Some(53)	2998235
Some(54)	3044974
Some(55)	3091821
Some(56)	3155467
Some(57)	3203068
Some(58)	3250108
Some(59)	3296227
Some(60)	3343334
Some(61)	3391080
Some(62)	3453348
Some(63)	3499295
Some(64)	3545397
Some(65)	3592756
Some(66)	3655867
Some(67)	3703575
Some(68)	3749367
Some(69)	3796147
Some(70)	3843441
Some(71)	3904974
Some(72)	3952021
Some(73)	3999894
Some(74)	4045806
Some(75)	4093485
Some(76)	4142645
Some(77)	4205362
Some(78)	4252659
Some(79)	4298984
Some(80)	4345847
Some(81)	4392724
Some(82)	4456347
Some(83)	4501762
Some(84)	4550426
Some(85)	4597336
Some(86)	4644574
Some(87)	4693235
Some(88)	4754436
Some(89)	4802170
Some(90)	4848608
Some(91)	4898714
Some(92)	4943247
Some(93)	4991198
Some(94)	5053250
Some(95)	5099141
Some(96)	5145143
Some(97)	5192694
Some(98)	5253881
Some(99)	5300366
Some(100)	5349803
Some(101)	5395111
Some(102)	5441845
Some(103)	5503218
Some(104)	5550589
Some(105)	5600507
Some(106)	5645427
Some(107)	5693021
Some(108)	5755498
Some(109)	5801311
Some(110)	5853628
Some(111)	5896774
Some(112)	5943824
Some(113)	5991060
Some(114)	6052428
Some(115)	6099959
Some(116)	6146763
Some(117)	6193746
Some(118)	6241056
Some(119)	6302017
Some(120)	6348953
Some(121)	6395561
Some(122)	6443675
Some(123)	6505494
Some(124)	6552977
Some(125)	6600186
Some(126)	6646896
Some(127)	6695436
Some(128)	6742327
Some(129)	6791903
Some(130)	6853040
Some(131)	6898987
Some(132)	6947297
Some(133)	6993023
Some(134)	7041093
Some(135)	7102516
Some(136)	7149620
Some(137)	7197613
Some(138)	7243532
Some(139)	7291917
Some(140)	7358744
Some(141)	7401737
Some(142)	7447213
Some(143)	7494670
Some(144)	7541648
Some(145)	7603609
Some(146)	7651428
Some(147)	7699065
Some(148)	7746170
Some(149)	7793724
Some(150)	7841075
Some(151)	7904129
Some(152)	7951681
Some(153)	8002139
Some(154)	8046782
Some(155)	8092978
Some(156)	8141072
Some(157)	8202720
Some(158)	8249623
Some(159)	8294692
Some(160)	8342037
Some(161)	8405621
Some(162)	8451479
Some(163)	8498834
Some(164)	8545966
Some(165)	8592110
Some(166)	8658200
Some(167)	8700219
Some(168)	8748060
Some(169)	8795476
Some(170)	8843104
Some(171)	8892228
Some(172)	8952383
Some(173)	8999262
Some(174)	9046919
Some(175)	9093156
Some(176)	9141123
Some(177)	9203832
Some(178)	9250452
Some(179)	9298656
Some(180)	9344315
Some(181)	9391738
Some(182)	9455519
Some(183)	9501544
Some(184)	9549413
Some(185)	9595828
Some(186)	9643218
Some(187)	9691061
Some(188)	9752874
Some(189)	9798724
Some(190)	9845655
Some(191)	9892659
Some(192)	9954768
Some(193)	10002005
Some(194)	10052551
Some(195)	10096683
Some(196)	10142524
Some(197)	10191569
Some(198)	10253168
Some(199)	10301763
Some(200)	10350976
Some(201)	10394807
Some(202)	10441054
Some(203)	10504291
Some(204)	10551036
Some(205)	10597239
Some(206)	10644816
Some(207)	10692150
Some(208)	10741128
Some(209)	10802609
Some(210)	10852576
Some(211)	10898050
Some(212)	10943838
Some(213)	11006057
Some(214)	11052087
Some(215)	11099687
Some(216)	11146616
Some(217)	11193482
Some(218)	11241093
Some(219)	11303136
Some(220)	11350579
Some(221)	11400456
Some(222)	11445237
Some(223)	11492151
Some(224)	11555507
Some(225)	11602343
Some(226)	11649981
Some(227)	11697116
Some(228)	11744348
Some(229)	11791296
Some(230)	11853856
Some(231)	11900159
Some(232)	11945878
Some(233)	11992124
Some(234)	12052906
Some(235)	12102154
Some(236)	12150281
Some(237)	12196385
Some(238)	12243245
Some(239)	12305701
Some(240)	12352274
Some(241)	12399400
Some(242)	12446825
Some(243)	12495279
Some(244)	12541223
Some(245)	12603874
Some(246)	12651248
Some(247)	12698656
Some(248)	12745337
Some(249)	12792222
Some(250)	12854662
Some(251)	12901745
Some(252)	12948037
Some(253)	12995187
Some(254)	13042711
Some(255)	13105065
Some(256)	13152551
Some(257)	13200420
Some(258)	13247676
Some(259)	13294451
Some(260)	13342925
Some(261)	13391326
Some(262)	13451543
Some(263)	13498870
Some(264)	13544690
Some(265)	13591466
Some(266)	13655622
Some(267)	13701171
Some(268)	13748339
Some(269)	13794523
Some(270)	13856472
Some(271)	13902296
Some(272)	13949663
Some(273)	13996806
Some(274)	14043049
Some(275)	14091166
Some(276)	14154204
Some(277)	14200037
Some(278)	14247874
Some(279)	14295002
Some(280)	14341882
Some(281)	14404493
Some(282)	14450455
Some(283)	14498221
Some(284)	14545463
Some(285)	14591064
Some(286)	14653643
Some(287)	14701029
Some(288)	14747728
Some(289)	14794520
Some(290)	14842006
Some(291)	14904913
Some(292)	14952470
Some(293)	14999240
Some(294)	15047976
Some(295)	15093159
Some(296)	15141187
Some(297)	15202338
Some(298)	15249639
Some(299)	15296423
Some(300)	15343667
Some(301)	15391870
Some(302)	15454154
Some(303)	15501237
Some(304)	15547866
Some(305)	15596439
Some(306)	15641976
Some(307)	15703864
Some(308)	15750594
Some(309)	15799937
Some(310)	15846366
Some(311)	15891855
Some(312)	15954460
Some(313)	16001243
Some(314)	16051460
Some(315)	16094753
Some(316)	16141927
Some(317)	16207558
Some(318)	16251838
Some(319)	16299501
Some(320)	16345358
Some(321)	16392774
Some(322)	16441058
Some(323)	16503551
Some(324)	16551020
Some(325)	16598144
Some(326)	16644127
Some(327)	16691366
Some(328)	16753814
Some(329)	16800764
Some(330)	16846782
Some(331)	16893365
Some(332)	16941951
Some(333)	17003451
Some(334)	17049204
Some(335)	17096231
Some(336)	17142337
Some(337)	17191115
Some(338)	17253184
Some(339)	17301025
Some(340)	17348219
Some(341)	17394598
Some(342)	17442611
Some(343)	17504295
Some(344)	17552631
Some(345)	17599335
Some(346)	17646549
Some(347)	17693469
Some(348)	17741044
Some(349)	17801894
Some(350)	17849008
Some(351)	17895464
Some(352)	17942994
Some(353)	18003940
Some(354)	18055023
Some(355)	18100235
Some(356)	18145411
Some(357)	18194383
Some(358)	18255089
Some(359)	18304214
Some(360)	18348873
Some(361)	18395386
Some(362)	18442825
Some(363)	18504630
Some(364)	18550653
Some(365)	18598557
Some(366)	18643768
Some(367)	18691070
Some(368)	18755099
Some(369)	18802234
Some(370)	18849934
Some(371)	18895533
Some(372)	18942978
Some(373)	18991072
Some(374)	19052760
Some(375)	19099730
Some(376)	19149938
Some(377)	19194434
Some(378)	19241833
Some(379)	19304553
Some(380)	19352347
Some(381)	19397597
Some(382)	19443955
Some(383)	19491199
Some(384)	19552825
Some(385)	19599675
Some(386)	19646611
Some(387)	19696015
Some(388)	19741076
Some(389)	19803391
Some(390)	19851578
Some(391)	19897408
Some(392)	19946956
Some(393)	19991823
Some(394)	20054171
Some(395)	20101531
Some(396)	20148827
Some(397)	20194468
Some(398)	20241761
Some(399)	20305080
Some(400)	20353585
Some(401)	20399483
Some(402)	20448927
Some(403)	20493248
Some(404)	20554794
Some(405)	20602856
Some(406)	20649405
Some(407)	20696540
Some(408)	20743466
Some(409)	20791084
Some(410)	20853880
Some(411)	20900091
Some(412)	20946746
Some(413)	20993661
Some(414)	21041068
Some(415)	21105466
Some(416)	21150622
Some(417)	21197321
Some(418)	21244615
Some(419)	21291665
Some(420)	21354799
Some(421)	21401170
Some(422)	21449182
Some(423)	21496474
Some(424)	21541070
Some(425)	21603847
Some(426)	21648939
Some(427)	21696286
Some(428)	21743932
Some(429)	21791049
Some(430)	21854373
Some(431)	21902116
Some(432)	21948254
Some(433)	21994683
Some(434)	22042625
Some(435)	22103506
Some(436)	22150787
Some(437)	22199149
Some(438)	22244452
Some(439)	22291094
Some(440)	22354480
Some(441)	22399844
Some(442)	22447631
Some(443)	22494859
Some(444)	22541058
Some(445)	22603831
Some(446)	22651241
Some(447)	22699210
Some(448)	22745450
Some(449)	22794407
Some(450)	22841078
Some(451)	22902882
Some(452)	22950426
Some(453)	22997232
Some(454)	23044943
Some(455)	23105372
Some(456)	23150557
Some(457)	23198888
Some(458)	23243116
Some(459)	23291074
Some(460)	23353524
Some(461)	23399945
Some(462)	23451972
Some(463)	23494132
Some(464)	23541228
Some(465)	23603447
Some(466)	23648393
Some(467)	23694190
Some(468)	23741991
Some(469)	23802792
Some(470)	23848663
Some(471)	23895899
Some(472)	23943140
Some(473)	23991833
Some(474)	24053312
Some(475)	24099702
Some(476)	24146631
Some(477)	24193974
Some(478)	24241470
Some(479)	24302960
Some(480)	24349259
Some(481)	24399684
Some(482)	24443788
Some(483)	24491061
Some(484)	24553941
Some(485)	24599626
Some(486)	24647251
Some(487)	24693803
Some(488)	24741357
Some(489)	24804142
Some(490)	24852516
Some(491)	24899316
Some(492)	24945261
Some(493)	24991880
Some(494)	25055968
Some(495)	25102273
Some(496)	25150560
Some(497)	25198107
Some(498)	25244605
Some(499)	25292292
Some(500)	25354521
Some(501)	25401935
Some(502)	25449727
Some(503)	25497875
Some(504)	25543511
Some(505)	25591056
Some(506)	25652658
Some(507)	25700162
Some(508)	25746945
Some(509)	25795957
Some(510)	25841799
Some(511)	25904156
Some(512)	25952054
Some(513)	25998950
Some(514)	26047706
Some(515)	26096028
Some(516)	26156793
Some(517)	26202750
Some(518)	26249057
Some(519)	26296171
Some(520)	26342797
Some(521)	26405293
Some(522)	26453124
Some(523)	26500921
Some(524)	26547743
Some(525)	26594102
Some(526)	26641056
Some(527)	26703096
Some(528)	26750379
Some(529)	26799707
Some(530)	26845204
Some(531)	26892341
Some(532)	26955205
Some(533)	27001768
Some(534)	27049298
Some(535)	27095206
Some(536)	27145750
Some(537)	27205874
Some(538)	27252252
Some(539)	27298984
Some(540)	27347247
Some(541)	27394190
Some(542)	27441117
Some(543)	27505060
Some(544)	27551152
Some(545)	27598274
Some(546)	27644610
Some(547)	27691956
Some(548)	27742435
Some(549)	27803317
Some(550)	27850576
Some(551)	27896177
Some(552)	27943756
Some(553)	27991062
Some(554)	28053010
Some(555)	28102414
Some(556)	28147389
Some(557)	28193731
Some(558)	28241064
Some(559)	28303143
Some(560)	28353480
Some(561)	28400909
Some(562)	28444795
Some(563)	28492199
Some(564)	28554478
Some(565)	28602413
Some(566)	28649537
Some(567)	28696123
Some(568)	28742919
Some(569)	28791059
Some(570)	28853602
Some(571)	28900691
Some(572)	28946110
Some(573)	28991079
Some(574)	29053762
Some(575)	29100275
Some(576)	29147929
Some(577)	29195259
Some(578)	29243051
Some(579)	29291059
Some(580)	29353805
Some(581)	29400885
Some(582)	29450566
Some(583)	29495163
Some(584)	29542460
Some(585)	29604465
Some(586)	29651381
Some(587)	29698432
Some(588)	29744105
Some(589)	29791064
Some(590)	29852905
Some(591)	29899151
Some(592)	29945907
Some(593)	29992956
Some(594)	30041253
Some(595)	30103406
Some(596)	30150575
Some(597)	30199224
Some(598)	30245069
Some(599)	30293154
Some(600)	30353470
Some(601)	30404267
Some(602)	30448578
Some(603)	30495000
Some(604)	30541086
Some(605)	30604250
Some(606)	30651879
Some(607)	30698666
Some(608)	30748513
Some(609)	30793531
Some(610)	30854163
Some(611)	30902117
Some(612)	30949178
Some(613)	30996594
Some(614)	31044085
Some(615)	31091101
Some(616)	31153575
Some(617)	31199975
Some(618)	31247710
Some(619)	31297756
Some(620)	31342035
Some(621)	31391061
Some(622)	31452534
Some(623)	31500827
Some(624)	31547471
Some(625)	31595566
Some(626)	31655954
Some(627)	31702273
Some(628)	31748012
Some(629)	31795167
Some(630)	31846039
Some(631)	31905092
Some(632)	31952095
Some(633)	31999461
Some(634)	32047306
Some(635)	32093551
Some(636)	32141948
Some(637)	32203634
Some(638)	32250429
Some(639)	32297726
Some(640)	32344818
Some(641)	32391441
Some(642)	32453913
Some(643)	32502469
Some(644)	32550106
Some(645)	32597389
Some(646)	32643510
Some(647)	32691071
Some(648)	32753343
Some(649)	32800837
Some(650)	32848852
Some(651)	32894196
Some(652)	32943861
Some(653)	33004013
Some(654)	33054059
Some(655)	33098571
Some(656)	33145095
Some(657)	33192102
Some(658)	33255332
Some(659)	33302147
Some(660)	33349093
Some(661)	33395117
Some(662)	33443437
Some(663)	33504902
Some(664)	33552459
Some(665)	33599843
Some(666)	33647321
Some(667)	33696202
Some(668)	33742138
Some(669)	33805933
Some(670)	33852334
Some(671)	33899939
Some(672)	33946201
Some(673)	33994801
Some(674)	34041719
Some(675)	34105657
Some(676)	34152210
Some(677)	34202700
Some(678)	34247766
Some(679)	34298308
Some(680)	34342283
Some(681)	34406068
Some(682)	34451960
Some(683)	34500014
Some(684)	34549673
Some(685)	34593939
Some(686)	34641109
Some(687)	34702897
Some(688)	34750396
Some(689)	34798149
Some(690)	34845476
Some(691)	34893290
Some(692)	34954943
Some(693)	35002018
Some(694)	35048374
Some(695)	35096024
Some(696)	35142140
Some(697)	35206290
Some(698)	35251979
Some(699)	35300327
Some(700)	35348248
Some(701)	35396266
Some(702)	35442924
Some(703)	35504561
Some(704)	35554289
Some(705)	35598369
Some(706)	35647873
Some(707)	35693013
Some(708)	35754725
Some(709)	35801223
Some(710)	35848434
Some(711)	35896269
Some(712)	35943257
Some(713)	36005136
Some(714)	36051437
Some(715)	36099010
Some(716)	36146038
Some(717)	36193828
Some(718)	36255757
Some(719)	36303843
Some(720)	36348957
Some(721)	36396586
Some(722)	36442747
Some(723)	36491065
Some(724)	36553363
Some(725)	36599991
Some(726)	36649050
Some(727)	36698524
Some(728)	36742707
Some(729)	36805826
Some(730)	36851530
Some(731)	36901351
Some(732)	36947161
Some(733)	36993811
Some(734)	37042036
Some(735)	37104725
Some(736)	37152841
Some(737)	37199683
Some(738)	37250137
Some(739)	37294440
Some(740)	37341327
Some(741)	37402805
Some(742)	37449909
Some(743)	37498214
Some(744)	37543952
Some(745)	37591267
Some(746)	37653737
Some(747)	37701182
Some(748)	37748542
Some(749)	37796070
Some(750)	37842999
Some(751)	37891063
Some(752)	37953489
Some(753)	38001580
Some(754)	38047882
Some(755)	38095003
Some(756)	38142060
Some(757)	38204234
Some(758)	38251310
Some(759)	38298791
Some(760)	38348448
Some(761)	38394281
Some(762)	38441195
Some(763)	38503714
Some(764)	38549644
Some(765)	38598219
Some(766)	38644810
Some(767)	38692207
Some(768)	38754775
Some(769)	38801453
Some(770)	38848750
Some(771)	38895609
Some(772)	38943249
Some(773)	38991478
Some(774)	39053353
Some(775)	39105657
Some(776)	39149005
Some(777)	39196085
Some(778)	39242348
Some(779)	39303876
Some(780)	39351092
Some(781)	39397753
Some(782)	39443559
Some(783)	39492956
Some(784)	39553894
Some(785)	39604202
Some(786)	39647533
Some(787)	39694211
Some(788)	39741082
Some(789)	39803311
Some(790)	39850680
Some(791)	39897432
Some(792)	39944507
Some(793)	39991125
Some(794)	40052468
Some(795)	40099883
Some(796)	40147407
Some(797)	40194795
Some(798)	40241556
Some(799)	40303850
Some(800)	40349784
Some(801)	40398568
Some(802)	40443596
Some(803)	40504862
Some(804)	40555442
Some(805)	40599377
Some(806)	40646925
Some(807)	40693888
Some(808)	40741074
Some(809)	40805936
Some(810)	40849680
Some(811)	40896739
Some(812)	40944368
Some(813)	40991074
Some(814)	41055648
Some(815)	41099465
Some(816)	41145539
Some(817)	41194545
Some(818)	41255740
Some(819)	41305728
Some(820)	41349357
Some(821)	41396802
Some(822)	41444474
Some(823)	41492051
Some(824)	41555722
Some(825)	41601899
Some(826)	41648482
Some(827)	41695753
Some(828)	41742227
Some(829)	41806087
Some(830)	41850735
Some(831)	41898543
Some(832)	41945994
Some(833)	41992711
Some(834)	42054772
Some(835)	42102440
Some(836)	42149575
Some(837)	42199680
Some(838)	42245131
Some(839)	42291060
Some(840)	42352048
Some(841)	42398967
Some(842)	42445826
Some(843)	42495300
Some(844)	42541054
Some(845)	42603664
Some(846)	42651535
Some(847)	42702037
Some(848)	42744664
Some(849)	42792344
Some(850)	42841066
Some(851)	42902807
Some(852)	42951519
Some(853)	42997074
Some(854)	43043610
Some(855)	43091714
Some(856)	43155497
Some(857)	43203649
Some(858)	43248960
Some(859)	43295924
Some(860)	43342307
Some(861)	43405664
Some(862)	43454046
Some(863)	43499404
Some(864)	43546831
Some(865)	43593351
Some(866)	43641082
Some(867)	43704635
Some(868)	43751365
Some(869)	43795947
Some(870)	43842875
Some(871)	43905855
Some(872)	43953547
Some(873)	44000183
Some(874)	44047785
Some(875)	44094163
Some(876)	44141071
Some(877)	44203501
Some(878)	44249913
Some(879)	44297603
Some(880)	44344484
Some(881)	44392213
Some(882)	44454828
Some(883)	44502049
Some(884)	44549416
Some(885)	44594336
Some(886)	44641063
Some(887)	44704327
Some(888)	44751419
Some(889)	44797913
Some(890)	44844700
Some(891)	44905678
Some(892)	44952046
Some(893)	44998683
Some(894)	45045636
Some(895)	45093072
Some(896)	45141101
Some(897)	45202448
Some(898)	45249651
Some(899)	45298387
Some(900)	45344127
Some(901)	45405362
Some(902)	45452420
Some(903)	45499912
Some(904)	45548392
Some(905)	45593725
Some(906)	45641754
Some(907)	45704814
Some(908)	45753773
Some(909)	45797913
Some(910)	45846213
Some(911)	45893687
Some(912)	45941234
Some(913)	46006167
Some(914)	46051039
Some(915)	46098396
Some(916)	46145744
Some(917)	46192320
Some(918)	46241754
Some(919)	46303726
Some(920)	46351051
Some(921)	46397610
Some(922)	46444373
Some(923)	46494408
Some(924)	46541057
Some(925)	46602994
Some(926)	46650766
Some(927)	46702838
Some(928)	46745711
Some(929)	46791295
Some(930)	46853208
Some(931)	46898863
Some(932)	46947083
Some(933)	46997399
Some(934)	47042171
Some(935)	47105381
Some(936)	47152613
Some(937)	47199606
Some(938)	47250883
Some(939)	47293964
Some(940)	47341402
Some(941)	47403462
Some(942)	47450226
Some(943)	47497213
Some(944)	47543708
Some(945)	47605683
Some(946)	47652861
Some(947)	47705003
Some(948)	47748996
Some(949)	47795437
Some(950)	47842427
Some(951)	47903813
Some(952)	47950419
Some(953)	47996872
Some(954)	48047557
Some(955)	48106483
Some(956)	48153858
Some(957)	48200399
Some(958)	48246987
Some(959)	48294384
Some(960)	48342389
Some(961)	48403220
Some(962)	48448888
Some(963)	48495469
Some(964)	48542750
Some(965)	48608020
Some(966)	48653230
Some(967)	48700076
Some(968)	48745463
Some(969)	48794032
Some(970)	48841216
Some(971)	48903710
Some(972)	48951004
Some(973)	48997829
Some(974)	49044441
Some(975)	49093195
Some(976)	49141075
Some(977)	49202726
Some(978)	49250387
Some(979)	49297692
Some(980)	49349126
Some(981)	49393047
Some(982)	49441059
Some(983)	49504052
Some(984)	49550958
Some(985)	49601321
Some(986)	49644639
Some(987)	49692177
Some(988)	49741067
Some(989)	49802969
Some(990)	49849464
Some(991)	49897255
Some(992)	49944665
Some(993)	50003811
Some(994)	50050782
Some(995)	50097785
Some(996)	50144507
Some(997)	50192058
Some(998)	50254473
Some(999)	50301361
Some(1000)	50348750
